id,customer_name,city,product,version,rating,category,feedback,sentiment
1,Rahul Sharma,Hyderabad,Galaxy S25,v1.0,1,Battery,Battery drains within 3 hours,Negative
2,Priya Reddy,Hyderabad,Galaxy S25,v1.0,2,Heating,Phone overheats while charging,Negative
3,Arjun Kumar,Bengaluru,Galaxy S25,v1.0,1,Camera,Camera becomes blurry after update,Negative
4,Sneha Patel,Mumbai,Galaxy S25,v1.0,5,Display,Display quality is excellent,Positive
5,Vikram Rao,Chennai,Galaxy S25,v1.0,2,Security,Fingerprint unlock is slow,Negative
6,Customer 6,Hyderabad,Galaxy S25,v1.1,4,General,Sample customer feedback 6,Positive
7,Customer 7,Hyderabad,Galaxy S25,v1.1,4,General,Sample customer feedback 7,Positive
8,Customer 8,Hyderabad,Galaxy S25,v1.1,4,General,Sample customer feedback 8,Positive
9,Customer 9,Hyderabad,Galaxy S25,v1.1,4,General,Sample customer feedback 9,Positive
10,Customer 10,Hyderabad,Galaxy S25,v1.1,4,General,Sample customer feedback 10,Positive
11,Customer 11,Hyderabad,Galaxy S25,v1.1,4,General,Sample customer feedback 11,Positive
12,Customer 12,Hyderabad,Galaxy S25,v1.1,4,General,Sample customer feedback 12,Positive
13,Customer 13,Hyderabad,Galaxy S25,v1.1,4,General,Sample customer feedback 13,Positive
14,Customer 14,Hyderabad,Galaxy S25,v1.1,4,General,Sample customer feedback 14,Positive
15,Customer 15,Hyderabad,Galaxy S25,v1.1,4,General,Sample customer feedback 15,Positive
16,Customer 16,Hyderabad,Galaxy S25,v1.1,4,General,Sample customer feedback 16,Positive
17,Customer 17,Hyderabad,Galaxy S25,v1.1,4,General,Sample customer feedback 17,Positive
18,Customer 18,Hyderabad,Galaxy S25,v1.1,4,General,Sample customer feedback 18,Positive
19,Customer 19,Hyderabad,Galaxy S25,v1.1,4,General,Sample customer feedback 19,Positive
20,Customer 20,Hyderabad,Galaxy S25,v1.1,4,General,Sample customer feedback 20,Positive
21,Customer 21,Hyderabad,Galaxy S25,v1.1,4,General,Sample customer feedback 21,Positive
22,Customer 22,Hyderabad,Galaxy S25,v1.1,4,General,Sample customer feedback 22,Positive
23,Customer 23,Hyderabad,Galaxy S25,v1.1,4,General,Sample customer feedback 23,Positive
24,Customer 24,Hyderabad,Galaxy S25,v1.1,4,General,Sample customer feedback 24,Positive
25,Customer 25,Hyderabad,Galaxy S25,v1.1,4,General,Sample customer feedback 25,Positive
26,Customer 26,Hyderabad,Galaxy S25,v1.1,4,General,Sample customer feedback 26,Positive
27,Customer 27,Hyderabad,Galaxy S25,v1.1,4,General,Sample customer feedback 27,Positive
28,Customer 28,Hyderabad,Galaxy S25,v1.1,4,General,Sample customer feedback 28,Positive
29,Customer 29,Hyderabad,Galaxy S25,v1.1,4,General,Sample customer feedback 29,Positive
30,Customer 30,Hyderabad,Galaxy S25,v1.1,4,General,Sample customer feedback 30,Positive
31,Customer 31,Hyderabad,Galaxy S25,v1.1,4,General,Sample customer feedback 31,Positive
32,Customer 32,Hyderabad,Galaxy S25,v1.1,4,General,Sample customer feedback 32,Positive
33,Customer 33,Hyderabad,Galaxy S25,v1.1,4,General,Sample customer feedback 33,Positive
34,Customer 34,Hyderabad,Galaxy S25,v1.1,4,General,Sample customer feedback 34,Positive
35,Customer 35,Hyderabad,Galaxy S25,v1.1,4,General,Sample customer feedback 35,Positive
36,Customer 36,Hyderabad,Galaxy S25,v1.1,4,General,Sample customer feedback 36,Positive
37,Customer 37,Hyderabad,Galaxy S25,v1.1,4,General,Sample customer feedback 37,Positive
38,Customer 38,Hyderabad,Galaxy S25,v1.1,4,General,Sample customer feedback 38,Positive
39,Customer 39,Hyderabad,Galaxy S25,v1.1,4,General,Sample customer feedback 39,Positive
40,Customer 40,Hyderabad,Galaxy S25,v1.1,4,General,Sample customer feedback 40,Positive
41,Customer 41,Hyderabad,Galaxy S25,v1.1,4,General,Sample customer feedback 41,Positive
42,Customer 42,Hyderabad,Galaxy S25,v1.1,4,General,Sample customer feedback 42,Positive
43,Customer 43,Hyderabad,Galaxy S25,v1.1,4,General,Sample customer feedback 43,Positive
44,Customer 44,Hyderabad,Galaxy S25,v1.1,4,General,Sample customer feedback 44,Positive
45,Customer 45,Hyderabad,Galaxy S25,v1.1,4,General,Sample customer feedback 45,Positive
46,Customer 46,Hyderabad,Galaxy S25,v1.1,4,General,Sample customer feedback 46,Positive
47,Customer 47,Hyderabad,Galaxy S25,v1.1,4,General,Sample customer feedback 47,Positive
48,Customer 48,Hyderabad,Galaxy S25,v1.1,4,General,Sample customer feedback 48,Positive
49,Customer 49,Hyderabad,Galaxy S25,v1.1,4,General,Sample customer feedback 49,Positive
50,Customer 50,Hyderabad,Galaxy S25,v1.1,4,General,Sample customer feedback 50,Positive
